INSERT INTO book (id, isbn, title, price, release_date) VALUES (1, '9780991344611', 'ng-book 2: The Complete Book on Angular 2', 57.92, '2016-09-29');
INSERT INTO book (id, isbn, title, price, release_date) VALUES (2, '9781484214329', 'Pro Spring Boot', 34.58, '2016-05-21');
INSERT INTO book (id, isbn, title, price, release_date) VALUES (3, '9781484208243', 'Spring REST', 37.64, '2016-06-16');
INSERT INTO book (id, isbn, title, price, release_date) VALUES (4, '9781785284151', 'Spring Boot Cookbook', 28.46, '2015-09-28');
INSERT INTO book (id, isbn, title, price, release_date) VALUES (5, '9781491950357', 'Building Microservices', 49.84, '2015-02-17');
INSERT INTO book (id, isbn, title, price, release_date) VALUES (6, '9781491917572', 'Ducker - Up and Running', 35.05, '2015-06-29');
INSERT INTO book (id, isbn, title, price, release_date) VALUES (7, '9780321125217', 'Domain-Driven Design: Tackling Complexity in the Heart of Software', 53.43, '2003-06-29');
INSERT INTO book (id, isbn, title, price, release_date) VALUES (8, '9780134190440', 'The Go Programming Language', 30.26, '2015-11-15');
INSERT INTO book (id, isbn, title, price, release_date) VALUES (9, '9781491956250', 'Microservice Architecture: Aligning Principles, Practices, and Culture', 39.95, '2016-08-19');
INSERT INTO book (id, isbn, title, price, release_date) VALUES (10, '9780321834577', 'Implementing Domain-Driven Design', 54.68, '2013-02-06');
INSERT INTO book (id, isbn, title, price, release_date) VALUES (11, '9781484224410', 'Building Apis With Node.js', 29.81, '2016-12-16');
INSERT INTO book (id, isbn, title, price, release_date) VALUES (12, '9781785881503', 'Node.js Web Development', 41.12, '2016-06-27');
INSERT INTO book (id, isbn, title, price, release_date) VALUES (13, '9781786469137', 'RESTful Web API Design with Node.js', 28.46, '2016-05-26');
INSERT INTO book (id, isbn, title, price, release_date) VALUES (14, '9781849519045', 'Spring Data', 39.87, '2012-11-02');
INSERT INTO book (id, isbn, title, price, release_date) VALUES (15, '9781617291999', 'Java 8 in Action: Lambdas, streams, and functional-style programming', 49.18, '2014-08-28');
INSERT INTO book (id, isbn, title, price, release_date) VALUES (16, '9781449358457', 'Java Performance: The Definitive Guide', 44.85, '2014-04-24');
INSERT INTO book (id, isbn, title, price, release_date) VALUES (17, '9781449370770', 'Java 8 Lambdas', 39.87, '2014-03-28');
INSERT INTO book (id, isbn, title, price, release_date) VALUES (18, '9781785882074', 'Learning Angular 2', 37.96, '2016-05-31');
INSERT INTO book (id, isbn, title, price, release_date) VALUES (19, '9780986393419', 'Ansible for DevOps: Server and configuration management for humans', 18.75, '2015-10-10');
INSERT INTO book (id, isbn, title, price, release_date) VALUES (20, '9781786464231', 'Learning Ansible 2', 41.12, '2016-11-21');
INSERT INTO book (id, isbn, title, price, release_date) VALUES (21, '9781942788003', 'The Devops Handbook', 27.92, '2016-12-01');
INSERT INTO book (id, isbn, title, price, release_date) VALUES (22, '9781491919712', 'Docker Cookbook', 44.94, '2015-10-31');
INSERT INTO book (id, isbn, title, price, release_date) VALUES (23, '9782100747443', 'Docker - Pratique des architectures à base de conteneurs', 29.90, '2016-09-07');
INSERT INTO book (id, isbn, title, price, release_date) VALUES (24, '9782746099265', 'Git - Maîtrisez la gestion de vos versions', 54.00, '2016-01-13');
INSERT INTO book (id, isbn, title, price, release_date) VALUES (25, '9782100738748', 'Scrum - Le guide pratique de la méthode agile la plus', 33.00, '2015-10-01');
INSERT INTO book (id, isbn, title, price, release_date) VALUES (26, '9782100740307', 'Le story mapping - Visualisez vos user stories pour développer le bon produit', 37.00, '2015-11-04');
INSERT INTO book (id, isbn, title, price, release_date) VALUES (27, '9782409005824', 'JPA et Java Hibernate - Apprenez le mapping objet-relationnel ', 39.00, '2017-02-08');
INSERT INTO book (id, isbn, title, price, release_date) VALUES (28, '9782212122596', 'Java Persistence et Hibernate', 29.00, '2007-12-18');
INSERT INTO book (id, isbn, title, price, release_date) VALUES (29, '9781430226321', 'Spring Persistence with Hibernate', 42.15, '2010-11-02');
INSERT INTO book (id, isbn, title, price, release_date) VALUES (30, '9781784393021', 'Learning Spring Boot', 36.96, '2014-11-27');
INSERT INTO book (id, isbn, title, price, release_date) VALUES (31, '9781491907665', 'Learning Puppet 4 ', 49.84, '2015-05-29');
INSERT INTO book (id, isbn, title, price, release_date) VALUES (32, '9781785881107', 'Puppet 4 Essentials ', 43.23, '2015-12-11');
INSERT INTO book (id, isbn, title, price, release_date) VALUES (33, '9781430260400', 'Pro Puppet', 38.86, '2013-12-19');
INSERT INTO book (id, isbn, title, price, release_date) VALUES (34, '9781633430235', 'Docker in Action', 49.86, '2015-11-28');
INSERT INTO book (id, isbn, title, price, release_date) VALUES (35, '9781617291609', 'MongoDB in Action', 44.71, '2015-11-28');
INSERT INTO book (id, isbn, title, price, release_date) VALUES (36, '9781617291623', 'Elasticsearch in Action', 54.04, '2015-07-28');
INSERT INTO book (id, isbn, title, price, release_date) VALUES (37, '9782212141559', 'Les bases de données NoSQL et le Big Data', 32.00, '2015-04-24');
INSERT INTO book (id, isbn, title, price, release_date) VALUES (38, '9782100740444', 'Mettre en oeuvre DevOps - Comment évoluer vers une DSI agile', 24.90, '2016-06-15');
INSERT INTO book (id, isbn, title, price, release_date) VALUES (39, '9781617292842', 'Cross-platform Desktop Applications: With Node, Electron, and Nw.js', 27.28, '2016-09-28');
INSERT INTO book (id, isbn, title, price, release_date) VALUES (40, '9781782162520', 'Apache Solr Beginner''s Guide', 36.91, '2013-12-26');

INSERT INTO author(id, lastname, firstname) VALUES(1, 'Murray', 'Nate');
INSERT INTO author(id, lastname, firstname) VALUES(2, 'Lerner', 'Ari');
INSERT INTO book_author(book_id, author_id) VALUES(1, 1);
INSERT INTO book_author(book_id, author_id) VALUES(1, 2);

INSERT INTO author(id, lastname, firstname) VALUES(3, 'Gutierrez', 'Felipe');
INSERT INTO book_author(book_id, author_id) VALUES(2, 3);

INSERT INTO author(id, lastname, firstname) VALUES(4, 'Varanasi', 'Balaji');   
INSERT INTO author(id, lastname, firstname) VALUES(5, 'Belida', 'Sudha');
INSERT INTO book_author(book_id, author_id) VALUES(3, 4);
INSERT INTO book_author(book_id, author_id) VALUES(3, 5); 

INSERT INTO author(id, lastname, firstname) VALUES(6, 'Antonov', 'Alex');
INSERT INTO book_author(book_id, author_id) VALUES(4, 6);

INSERT INTO author(id, lastname, firstname) VALUES(7, 'Newman', 'Sam');
INSERT INTO book_author(book_id, author_id) VALUES(5, 7);

INSERT INTO author(id, lastname, firstname) VALUES(8, 'Matthias', 'Karl');   
INSERT INTO author(id, lastname, firstname) VALUES(9, 'P. Kane', 'Sean');
INSERT INTO book_author(book_id, author_id) VALUES(6, 8);
INSERT INTO book_author(book_id, author_id) VALUES(6, 9);

INSERT INTO author(id, lastname, firstname) VALUES(10, 'Evans', 'Eric'); 
INSERT INTO book_author(book_id, author_id) VALUES(7, 10);

INSERT INTO author(id, lastname, firstname) VALUES(11, 'Donovan', 'Alan');
INSERT INTO author(id, lastname, firstname) VALUES(12, 'W. Kernighan', 'Brian');
INSERT INTO book_author(book_id, author_id) VALUES(8, 11);
INSERT INTO book_author(book_id, author_id) VALUES(8, 12);

INSERT INTO author(id, lastname, firstname) VALUES(13, 'Nadareishvili', 'Irakli');
INSERT INTO author(id, lastname, firstname) VALUES(14, 'Mitra', 'Ronnie');
INSERT INTO book_author(book_id, author_id) VALUES(9, 13);
INSERT INTO book_author(book_id, author_id) VALUES(9, 14);

INSERT INTO author(id, lastname, firstname) VALUES(15, 'Vernon', 'Vaughn');
INSERT INTO book_author(book_id, author_id) VALUES(10, 15);

INSERT INTO author(id, lastname, firstname) VALUES(16, 'Pereira', 'Caio Ribeiro'); 
INSERT INTO book_author(book_id, author_id) VALUES(11, 16);


INSERT INTO author(id, lastname, firstname) VALUES(17, 'Herron', 'David');
INSERT INTO book_author(book_id, author_id) VALUES(12, 17);  

INSERT INTO author(id, lastname, firstname) VALUES(18, 'Bojinov', 'Valentin');
INSERT INTO book_author(book_id, author_id) VALUES(13, 18);  

INSERT INTO author(id, lastname, firstname) VALUES(19, 'Kainulainen', 'Petri');
INSERT INTO book_author(book_id, author_id) VALUES(14, 19);   

INSERT INTO author(id, lastname, firstname) VALUES(20, 'Urma', 'Raoul-Gabriel');
INSERT INTO author(id, lastname, firstname) VALUES(21, 'Fusco', 'Mario');
INSERT INTO book_author(book_id, author_id) VALUES(15, 20);
INSERT INTO book_author(book_id, author_id) VALUES(15, 21);


INSERT INTO author(id, lastname, firstname) VALUES(22, 'Oaks', 'Scott');
INSERT INTO book_author(book_id, author_id) VALUES(16, 22); 

INSERT INTO author(id, lastname, firstname) VALUES(23, 'Warburton', 'Richard');
INSERT INTO book_author(book_id, author_id) VALUES(17, 23); 

INSERT INTO author(id, lastname, firstname) VALUES(24, 'Deeleman', 'Pablo');
INSERT INTO book_author(book_id, author_id) VALUES(18, 24); 

INSERT INTO author(id, lastname, firstname) VALUES(25, 'Geerling', 'Jeff');
INSERT INTO book_author(book_id, author_id) VALUES(19, 25); 

INSERT INTO author(id, lastname, firstname) VALUES(26, 'Locati', 'Fabio Alessandro ');
INSERT INTO book_author(book_id, author_id) VALUES(20, 26); 

INSERT INTO author(id, lastname, firstname) VALUES(27, 'Kim', 'Gene');  
INSERT INTO author(id, lastname, firstname) VALUES(28, 'Debois', 'Patrick'); 
INSERT INTO book_author(book_id, author_id) VALUES(21, 27); 
INSERT INTO book_author(book_id, author_id) VALUES(21, 28); 

INSERT INTO author(id, lastname, firstname) VALUES(29, 'Goasguen', 'Sébastien');
INSERT INTO book_author(book_id, author_id) VALUES(22, 29);

INSERT INTO author(id, lastname, firstname) VALUES(30, 'Kohler', 'Johann');  
INSERT INTO author(id, lastname, firstname) VALUES(31, 'Garlot', 'Thomas');  
INSERT INTO author(id, lastname, firstname) VALUES(32, 'Cloux', 'Pierre-Yves'); 
INSERT INTO book_author(book_id, author_id) VALUES(23, 30);
INSERT INTO book_author(book_id, author_id) VALUES(23, 31);
INSERT INTO book_author(book_id, author_id) VALUES(23, 32);

INSERT INTO author(id, lastname, firstname) VALUES(33, 'Dauzon', 'Samuel');
INSERT INTO book_author(book_id, author_id) VALUES(24, 33);

INSERT INTO author(id, lastname, firstname) VALUES(34, 'Aubry', 'Claude');
INSERT INTO book_author(book_id, author_id) VALUES(25, 34);


INSERT INTO author(id, lastname, firstname) VALUES(35, 'Patton', 'Jeff');
INSERT INTO book_author(book_id, author_id) VALUES(26, 35);
INSERT INTO book_author(book_id, author_id) VALUES(26, 34);

INSERT INTO author(id, lastname, firstname) VALUES(36, 'Banon', 'Martial');
INSERT INTO book_author(book_id, author_id) VALUES(27, 36);

INSERT INTO author(id, lastname, firstname) VALUES(37, 'PATRICIO', 'ANTHONY');
INSERT INTO book_author(book_id, author_id) VALUES(28, 37);

INSERT INTO author(id, lastname, firstname) VALUES(38, 'D. Murphy', 'Brian');
INSERT INTO author(id, lastname, firstname) VALUES(39, 'Fisher', 'Paul Tepper');
INSERT INTO book_author(book_id, author_id) VALUES(29, 38);
INSERT INTO book_author(book_id, author_id) VALUES(29, 39);

INSERT INTO author(id, lastname, firstname) VALUES(40, 'Turnquist', 'Greg L.');
INSERT INTO book_author(book_id, author_id) VALUES(30, 40);

INSERT INTO author(id, lastname, firstname) VALUES(41, 'Rhett', 'Jo');
INSERT INTO book_author(book_id, author_id) VALUES(31, 41);

INSERT INTO author(id, lastname, firstname) VALUES(42, 'Alfke', 'Martin');
INSERT INTO author(id, lastname, firstname) VALUES(43, 'Frank', 'Felix');
INSERT INTO book_author(book_id, author_id) VALUES(32, 42);
INSERT INTO book_author(book_id, author_id) VALUES(32, 43);

INSERT INTO author(id, lastname, firstname) VALUES(44, 'Krum', 'pencer');
INSERT INTO author(id, lastname, firstname) VALUES(45, 'Hevelingen', 'William Van');
INSERT INTO book_author(book_id, author_id) VALUES(33, 44);
INSERT INTO book_author(book_id, author_id) VALUES(33, 45);

INSERT INTO author(id, lastname, firstname) VALUES(46, 'Nickoloff', 'Jeff');
INSERT INTO book_author(book_id, author_id) VALUES(34, 44);

INSERT INTO author(id, lastname, firstname) VALUES(47, 'Banker', 'Kyle');   
INSERT INTO author(id, lastname, firstname) VALUES(48, 'Bakkum', 'Peter');
INSERT INTO book_author(book_id, author_id) VALUES(35, 47);
INSERT INTO book_author(book_id, author_id) VALUES(35, 48);

INSERT INTO author(id, lastname, firstname) VALUES(49, 'Gheorghe', 'Radu');
INSERT INTO author(id, lastname, firstname) VALUES(50, 'Hinman', 'Matthew Lee ');
INSERT INTO book_author(book_id, author_id) VALUES(36, 49);
INSERT INTO book_author(book_id, author_id) VALUES(36, 50);

INSERT INTO author(id, lastname, firstname) VALUES(51, 'Bruchez', 'Rudy');
INSERT INTO book_author(book_id, author_id) VALUES(37, 51);

INSERT INTO author(id, lastname, firstname) VALUES(52, 'Sacquet', 'Alain');
INSERT INTO book_author(book_id, author_id) VALUES(38, 52);

INSERT INTO author(id, lastname, firstname) VALUES(53, 'Jensen', 'Paul B.');
INSERT INTO book_author(book_id, author_id) VALUES(39, 53);

INSERT INTO author(id, lastname, firstname) VALUES(54, 'Serafini', 'Alfredo');
INSERT INTO book_author(book_id, author_id) VALUES(40, 54);